新老品标签,国家,PID,SPU,shop_name,二级类目,三级类目,店铺评分,首图 url,上架时间,商品卡日均占比,GPM分层,可用库存,销量排名,是否在联盟,商品详情页URL,营销价,,,
新老品,EU,1729744074009123838,S260105038071,Ailyak knit,标码女装,女士针织衫,5,https://p16-she-va.ibyteimg.com/tos-alisg-i-f7lenjegsh-sg/f2a50749ff50426ba396090cf25191d1~tplv-g9dfdl17fc-origin-image.image,2026/1/5,,,2317,1,In Affiliate,https://shop.tiktok.com/view/product/1729744074009123838?region=DE&locale=en,,,,
新老品,EU,1729480035120683610,S240224002234,Orgnvin,标码女装,女士针织衫,4.5,https://p16-she-va.ibyteimg.com/tos-alisg-i-f7lenjegsh-sg/ec1f2f9ef9b440399bf751f5feed61a1~tplv-g9dfdl17fc-origin-image.image,2025/4/7,,,3664,2,In Affiliate,https://shop.tiktok.com/view/product/1729480035120683610?region=DE&locale=en,,,,
新老品,EU,1729592890688707162,S250726019376,Orgnvin,标码女装,女士针织衫,4.5,https://p16-she-va.ibyteimg.com/tos-alisg-i-f7lenjegsh-sg/802027fb2e544d9a8cb0d02fe140950f~tplv-g9dfdl17fc-origin-image.image,2025/7/31,,,812,3,In Affiliate,https://shop.tiktok.com/view/product/1729592890688707162?region=DE&locale=en,,,,
新老品,EU,1729759592846235725,S260128044038,YarnPop,标码女装,女士针织衫,4.7,https://p16-she-va.ibyteimg.com/tos-alisg-i-f7lenjegsh-sg/0e441397aa6f42039fbb00573da8e78d~tplv-g9dfdl17fc-origin-image.image,2026/1/30,,,750,4,In Affiliate,https://shop.tiktok.com/view/product/1729759592846235725?region=DE&locale=en,,,,
新老品,EU,1729759592831227981,S260128044038,YarnPop,标码女装,女士针织衫,4.7,https://p16-she-va.ibyteimg.com/tos-alisg-i-f7lenjegsh-sg/0e441397aa6f42039fbb00573da8e78d~tplv-g9dfdl17fc-origin-image.image,2026/1/30,,,750,5,In Affiliate,https://shop.tiktok.com/view/product/1729759592831227981?region=DE&locale=en,,,,
新老品,GB,1729744073793510398,S260105038071,Ailyak knit,标码女装,女士针织衫,4.8,https://p16-she-va.ibyteimg.com/tos-alisg-i-f7lenjegsh-sg/f2a50749ff50426ba396090cf25191d1~tplv-g9dfdl17fc-origin-image.image,2026/1/5,,,2345,1,In Affiliate,https://shop.tiktok.com/view/product/1729744073793510398?region=GB&locale=en,,,,
新老品,GB,1729782233781541060,S260318058158,FACIO Direct,标码女装,女士针织衫,4.8,https://p16-she-va.ibyteimg.com/tos-alisg-i-f7lenjegsh-sg/a77d979863324096b0bb0e4fcca3bc92~tplv-g9dfdl17fc-origin-image.image,2026/3/20,,,444,2,In Affiliate,https://shop.tiktok.com/view/product/1729782233781541060?region=GB&locale=en,,,,
新老品,GB,1729404960360009306,S240224002234,Orgnvin,标码女装,女士针织衫,4.4,https://p16-she-va.ibyteimg.com/tos-alisg-i-f7lenjegsh-sg/ec1f2f9ef9b440399bf751f5feed61a1~tplv-g9dfdl17fc-origin-image.image,2024/3/11,,,3669,3,In Affiliate,https://shop.tiktok.com/view/product/1729404960360009306?region=GB&locale=en,,,,
新老品,GB,1729759592847087693,S260128044038,YarnPop,标码女装,女士针织衫,4.6,https://p16-she-va.ibyteimg.com/tos-alisg-i-f7lenjegsh-sg/0e441397aa6f42039fbb00573da8e78d~tplv-g9dfdl17fc-origin-image.image,2026/1/30,,,750,4,In Affiliate,https://shop.tiktok.com/view/product/1729759592847087693?region=GB&locale=en,,,,
新老品,GB,1729730946947324067,S251217171519,Yz Sweaters,标码女装,女士针织衫,4.7,https://p16-she-va.ibyteimg.com/tos-alisg-i-f7lenjegsh-sg/86554b6aa81341cdbc3052f19ab983f9~tplv-g9dfdl17fc-origin-image.image,2025/12/29,,,762,5,In Affiliate,https://shop.tiktok.com/view/product/1729730946947324067?region=GB&locale=en,,,,
新老品,GB,1729405172622462746,S240305005197,FASHION DOLA,标码女装,女士针织衫,4.6,https://p16-she-va.ibyteimg.com/tos-maliva-i-g9dfdl17fc-us/5c47fd96aa214a6b9cc4529be4485981~tplv-g9dfdl17fc-origin-image.image,2024/3/18,,高GPM,315,6,In Affiliate,https://shop.tiktok.com/view/product/1729405172622462746?region=GB&locale=en,,,,
新老品,GB,1729450699799566396,S250311021136,Chic Chic Sweater,标码女装,女士针织衫,4.8,https://p16-she-va.ibyteimg.com/tos-alisg-i-f7lenjegsh-sg/1fb18c968e5c41ddbc2b879ef3afddac~tplv-g9dfdl17fc-origin-image.image,2025/3/23,,高GPM,1253,7,In Affiliate,https://shop.tiktok.com/view/product/1729450699799566396?region=GB&locale=en,,,,
新老品,GB,1729756280861662120,S260122067754,Chic Weaves,标码女装,女士针织衫,4.7,https://p16-she-va.ibyteimg.com/tos-alisg-i-f7lenjegsh-sg/a3f03338921340819f60edee4f1a07d9~tplv-g9dfdl17fc-origin-image.image,2026/1/26,,高GPM,246,8,In Affiliate,https://shop.tiktok.com/view/product/1729756280861662120?region=GB&locale=en,,,,
新老品,GB,1729408836464512661,S240502001902,Lusmay,标码女装,女士针织衫,4.8,https://p16-she-va.ibyteimg.com/tos-alisg-i-f7lenjegsh-sg/a62866ef2fd041b6882a0e24156935c6~tplv-g9dfdl17fc-origin-image.image,2024/5/13,,高GPM,917,9,In Affiliate,https://shop.tiktok.com/view/product/1729408836464512661?region=GB&locale=en,,,,
新老品,GB,1729776479669950660,S260309044165,FACIO Direct,标码女装,女士针织衫,4.8,https://p16-she-va.ibyteimg.com/tos-alisg-i-f7lenjegsh-sg/ce9c18e3ed1a4efaa57fa4d6fd83dc22~tplv-g9dfdl17fc-origin-image.image,2026/3/12,,,280,10,In Affiliate,https://shop.tiktok.com/view/product/1729776479669950660?region=GB&locale=en,,,,
新老品,GB,1729742757764242430,S260103034179,Ailyak knit,标码女装,女士针织衫,4.8,https://p16-she-va.ibyteimg.com/tos-alisg-i-f7lenjegsh-sg/cdb8fee427fa484c81cd5c28c8e48a51~tplv-g9dfdl17fc-origin-image.image,2026/1/3,,,750,11,In Affiliate,https://shop.tiktok.com/view/product/1729742757764242430?region=GB&locale=en,,,,
新老品,GB,1729754930021505100,S260120056984,KAYWIDE Resort,标码女装,女士针织衫,4.6,https://p16-she-va.ibyteimg.com/tos-maliva-i-g9dfdl17fc-us/f8a9143183bb4703b7ca3a1d4ca69fc3~tplv-g9dfdl17fc-origin-image.image,2026/1/28,,高GPM,585,12,In Affiliate,https://shop.tiktok.com/view/product/1729754930021505100?region=GB&locale=en,,,,
新老品,GB,1729783557146319044,S260320070427,FACIO Direct,标码女装,女士针织衫,4.8,https://p16-she-va.ibyteimg.com/tos-alisg-i-f7lenjegsh-sg/95901fb8e0904f03834b6550a11e1e80~tplv-g9dfdl17fc-origin-image.image,2026/3/30,,,329,13,In Affiliate,https://shop.tiktok.com/view/product/1729783557146319044?region=GB&locale=en,,,,
新老品,GB,1729445895122881778,S241213008988,Morrie Moon,标码女装,女士针织衫,4.4,https://p16-she-va.ibyteimg.com/tos-maliva-i-g9dfdl17fc-us/cb4e73a872394a33867febe438a9b289~tplv-g9dfdl17fc-origin-image.image,2024/12/24,,高GPM,1530,14,In Affiliate,https://shop.tiktok.com/view/product/1729445895122881778?region=GB&locale=en,,,,
新老品,GB,1729592890778753626,S250726019376,Orgnvin,标码女装,女士针织衫,4.4,https://p16-she-va.ibyteimg.com/tos-alisg-i-f7lenjegsh-sg/802027fb2e544d9a8cb0d02fe140950f~tplv-g9dfdl17fc-origin-image.image,2025/7/31,,,812,15,In Affiliate,https://shop.tiktok.com/view/product/1729592890778753626?region=GB&locale=en,,,,
新老品,GB,1729475097096132771,S250317018578,Yz Sweaters,标码女装,女士针织衫,4.7,https://p16-she-va.ibyteimg.com/tos-maliva-i-g9dfdl17fc-us/d259feb43fe54517ab338ab514507b6c~tplv-g9dfdl17fc-origin-image.image,2025/3/27,,高GPM,382,16,In Affiliate,https://shop.tiktok.com/view/product/1729475097096132771?region=GB&locale=en,,,,
新老品,GB,1729584530083191292,S250719019896,Hi anan,标码女装,女士针织衫,4.7,https://p16-she-va.ibyteimg.com/tos-maliva-i-g9dfdl17fc-us/eab7608032e94a7699279664bf3f3f4c~tplv-g9dfdl17fc-origin-image.image,2025/7/29,,高GPM,202,17,In Affiliate,https://shop.tiktok.com/view/product/1729584530083191292?region=GB&locale=en,,,,
新老品,GB,1729748271830244122,S260108085005,FASHION DOLA,标码女装,女士针织衫,4.6,https://p16-she-va.ibyteimg.com/tos-alisg-i-f7lenjegsh-sg/e126edd369cf4d3994321ffbaea2ca09~tplv-g9dfdl17fc-origin-image.image,2026/1/16,,高GPM,294,18,In Affiliate,https://shop.tiktok.com/view/product/1729748271830244122?region=GB&locale=en,,,,
新老品,GB,1729754207147039045,S260119043503,YouAnnn,标码女装,女士针织衫,4.5,https://p16-she-va.ibyteimg.com/tos-maliva-i-g9dfdl17fc-us/877f1f0539c04aa898b88ca304345b90~tplv-g9dfdl17fc-origin-image.image,2026/1/25,,,158,19,In Affiliate,https://shop.tiktok.com/view/product/1729754207147039045?region=GB&locale=en,,,,
新老品,GB,1729779332715289556,S260313037178,fashion iconn,标码女装,女士针织衫,4.7,https://p16-she-va.ibyteimg.com/tos-alisg-i-f7lenjegsh-sg/c52ff89099b34e2db36a028c8c93f5fd~tplv-g9dfdl17fc-origin-image.image,2026/3/16,,高GPM,1106,20,In Affiliate,https://shop.tiktok.com/view/product/1729779332715289556?region=GB&locale=en,,,,
新老品,GB,1729448854687092258,S241220009569,Meiduo Joy,标码女装,女士针织衫,4.2,https://p16-she-va.ibyteimg.com/tos-alisg-i-f7lenjegsh-sg/95e5f60567d04d6c84206341767352ff~tplv-g9dfdl17fc-origin-image.image,2025/1/1,,高GPM,1974,21,NotIn Affiliate,https://shop.tiktok.com/view/product/1729448854687092258?region=GB&locale=en,,,,
新老品,GB,1729583237356034145,S250719014549,LWWI,标码女装,女士针织衫,4.3,https://p16-she-va.ibyteimg.com/tos-alisg-i-f7lenjegsh-sg/5e362c48a14d49f4ba3e58cbd28e14db~tplv-g9dfdl17fc-origin-image.image,2025/7/23,,,535,22,In Affiliate,https://shop.tiktok.com/view/product/1729583237356034145?region=GB&locale=en,,,,
新老品,GB,1729787529111706185,S260328015052,JANE DRESSINGLOG,标码女装,女士针织衫,4.6,https://p16-she-va.ibyteimg.com/tos-alisg-i-f7lenjegsh-sg/9e42ca078bd34acda47b176a9f9c4f54~tplv-g9dfdl17fc-origin-image.image,2026/3/28,,,141,23,In Affiliate,https://shop.tiktok.com/view/product/1729787529111706185?region=GB&locale=en,,,,
新老品,GB,1729475452196395105,S250303012020,LWWI,标码女装,女士针织衫,4.3,https://p16-she-va.ibyteimg.com/tos-maliva-i-g9dfdl17fc-us/353232f6a97c4cbea033d40abd3f0878~tplv-g9dfdl17fc-origin-image.image,2025/3/28,,高GPM,384,24,In Affiliate,https://shop.tiktok.com/view/product/1729475452196395105?region=GB&locale=en,,,,
新老品,GB,1729787682647742743,S260328043931,Weaving Beauty,标码女装,女士针织衫,4.6,https://p16-she-va.ibyteimg.com/tos-alisg-i-f7lenjegsh-sg/9f2260b1f3404c0eb233e9a9bc734024~tplv-g9dfdl17fc-origin-image.image,2026/4/20,,高GPM,520,25,In Affiliate,https://shop.tiktok.com/view/product/1729787682647742743?region=GB&locale=en,,,,
新老品,GB,1729784624448183252,S260323023351,fashion iconn,标码女装,女士针织衫,4.7,https://p16-she-va.ibyteimg.com/tos-alisg-i-f7lenjegsh-sg/b0708e24be814b7783d7c718f712886d~tplv-g9dfdl17fc-origin-image.image,2026/4/7,,,923,26,In Affiliate,https://shop.tiktok.com/view/product/1729784624448183252?region=GB&locale=en,,,,
新老品,GB,1729463020131028293,S250218002732,YouAnnn,标码女装,女士针织衫,4.5,https://p16-she-va.ibyteimg.com/tos-maliva-i-g9dfdl17fc-us/a88b31bf37414411929dca0c8dbfa1f4~tplv-g9dfdl17fc-origin-image.image,2025/2/24,,高GPM,441,27,In Affiliate,https://shop.tiktok.com/view/product/1729463020131028293?region=GB&locale=en,,,,
新老品,GB,1729450721965480033,S250303012122,LWWI,标码女装,女士针织衫,4.3,https://p16-she-va.ibyteimg.com/tos-alisg-i-f7lenjegsh-sg/40df85f424164a6597fc8613e65630c7~tplv-g9dfdl17fc-origin-image.image,2025/3/23,,,637,28,In Affiliate,https://shop.tiktok.com/view/product/1729450721965480033?region=GB&locale=en,,,,
新老品,GB,1729457322625306536,S250119000025,Chic Weaves,标码女装,女士针织衫,4.7,https://p16-she-va.ibyteimg.com/tos-alisg-i-f7lenjegsh-sg/0c5e632553a34940ba53d814a68e58fb~tplv-g9dfdl17fc-origin-image.image,2025/2/5,,高GPM,107,29,In Affiliate,https://shop.tiktok.com/view/product/1729457322625306536?region=GB&locale=en,,,,
新老品,GB,1729430888265452826,S241022004269,LILYTREE,标码女装,女士针织衫,4.5,https://p16-she-va.ibyteimg.com/tos-maliva-i-g9dfdl17fc-us/7e85825afaa947619feb6cc47bd41d29~tplv-g9dfdl17fc-origin-image.image,2024/10/25,,高GPM,211,30,In Affiliate,https://shop.tiktok.com/view/product/1729430888265452826?region=GB&locale=en,,,,
新老品,GB,1729453601981893957,S250101001928,YouAnnn,标码女装,女士针织衫,4.5,https://p16-she-va.ibyteimg.com/tos-maliva-i-g9dfdl17fc-us/ef244aca43c848eb8a181abaf1075c62~tplv-g9dfdl17fc-origin-image.image,2025/1/14,,高GPM,168,31,In Affiliate,https://shop.tiktok.com/view/product/1729453601981893957?region=GB&locale=en,,,,
新老品,GB,1729436641189858306,S241112011069,Low Price Fashion,标码女装,女士针织衫,4.7,https://p16-she-va.ibyteimg.com/tos-maliva-i-g9dfdl17fc-us/DCCCDA934B176769OptimCopy~tplv-g9dfdl17fc-origin-image.image,2024/11/26,,高GPM,983,32,In Affiliate,https://shop.tiktok.com/view/product/1729436641189858306?region=GB&locale=en,,,,
新老品,GB,1729746209477139204,S260107098969,SML Sweaters,标码女装,女士针织衫,4.4,https://p16-she-va.ibyteimg.com/tos-alisg-i-f7lenjegsh-sg/586102a1b8b249c6a5c6e7950047789f~tplv-g9dfdl17fc-origin-image.image,2026/1/10,,高GPM,448,33,In Affiliate,https://shop.tiktok.com/view/product/1729746209477139204?region=GB&locale=en,,,,
新老品,GB,1729784737838439380,S260323044189,fashion iconn,标码女装,女士针织衫,4.7,https://p16-she-va.ibyteimg.com/tos-alisg-i-f7lenjegsh-sg/df7d22a9916348b288de18609df0c263~tplv-g9dfdl17fc-origin-image.image,2026/4/6,,,223,34,In Affiliate,https://shop.tiktok.com/view/product/1729784737838439380?region=GB&locale=en,,,,
新老品,GB,1729787965416446118,S260329017529,Agivvia,标码女装,女士针织衫,4.6,https://p16-she-va.ibyteimg.com/tos-alisg-i-f7lenjegsh-sg/67753e33f5b7475598b97e5894ae679b~tplv-g9dfdl17fc-origin-image.image,2026/4/4,内容场占比低,高GPM,450,35,In Affiliate,https://shop.tiktok.com/view/product/1729787965416446118?region=GB&locale=en,,,,
新老品,GB,1729503462944512877,S250425015517,Cloudspun,标码女装,女士针织衫,4.3,https://p16-she-va.ibyteimg.com/tos-alisg-i-f7lenjegsh-sg/b52ed46aab5c46039ebd68e058681798~tplv-g9dfdl17fc-origin-image.image,2025/5/8,,,150,36,In Affiliate,https://shop.tiktok.com/view/product/1729503462944512877?region=GB&locale=en,,,,
新老品,GB,1729779488012606420,S260313037102,fashion iconn,标码女装,女士针织衫,4.7,https://p16-she-va.ibyteimg.com/tos-alisg-i-f7lenjegsh-sg/7295e7a576664096a027f0df65eccd54~tplv-g9dfdl17fc-origin-image.image,2026/3/17,,高GPM,618,37,In Affiliate,https://shop.tiktok.com/view/product/1729779488012606420?region=GB&locale=en,,,,
新老品,GB,1729505152887200069,S250428014755,YouAnnn,标码女装,女士针织衫,4.5,https://p16-she-va.ibyteimg.com/tos-maliva-i-g9dfdl17fc-us/65d29a272d374b86acfbad30f66487b2~tplv-g9dfdl17fc-origin-image.image,2025/5/11,,高GPM,358,38,In Affiliate,https://shop.tiktok.com/view/product/1729505152887200069?region=GB&locale=en,,,,
新老品,GB,1729400672215403868,S230627004373,Zhichn Clthing,标码女装,女士针织衫,4.5,https://p16-she-va.ibyteimg.com/tos-alisg-i-f7lenjegsh-sg/75aa0ee1db0d46489871c3113648f882~tplv-g9dfdl17fc-origin-image.image,2023/8/2,,,1551,39,In Affiliate,https://shop.tiktok.com/view/product/1729400672215403868?region=GB&locale=en,,,,
新老品,GB,1729512035667778062,S250506003821,YunShine,标码女装,女士针织衫,4.5,https://p16-she-va.ibyteimg.com/tos-alisg-i-f7lenjegsh-sg/1b44a647ce2c4d9bbaaff604449324a3~tplv-g9dfdl17fc-origin-image.image,2025/5/20,,,119,40,In Affiliate,https://shop.tiktok.com/view/product/1729512035667778062?region=GB&locale=en,,,,
新老品,GB,1729769528031746594,S260224016030,Meiduo Joy,标码女装,女士针织衫,4.2,https://p16-she-va.ibyteimg.com/tos-alisg-i-f7lenjegsh-sg/59a2d9cfca2e4ff588a7eb053b201fa4~tplv-g9dfdl17fc-origin-image.image,2026/3/1,,,646,41,In Affiliate,https://shop.tiktok.com/view/product/1729769528031746594?region=GB&locale=en,,,,
新老品,GB,1729771918120950696,S260228039426,Chic Weaves,标码女装,女士针织衫,4.7,https://p16-she-va.ibyteimg.com/tos-alisg-i-f7lenjegsh-sg/6004bd6ce5414737af76410e334dd716~tplv-g9dfdl17fc-origin-image.image,2026/3/3,,,230,42,In Affiliate,https://shop.tiktok.com/view/product/1729771918120950696?region=GB&locale=en,,,,
新老品,GB,1729466555816971589,S250227008373,YouAnnn,标码女装,女士针织衫,4.5,https://p16-she-va.ibyteimg.com/tos-alisg-i-f7lenjegsh-sg/1f6ec46258b24afbbd54a3b76d5773c0~tplv-g9dfdl17fc-origin-image.image,2025/3/6,,,473,43,In Affiliate,https://shop.tiktok.com/view/product/1729466555816971589?region=GB&locale=en,,,,
新老品,GB,1729779546101554132,S260313074465,fashion iconn,标码女装,女士针织衫,4.7,https://p16-she-va.ibyteimg.com/tos-alisg-i-f7lenjegsh-sg/77168f3739b742cfb81de83f656683a2~tplv-g9dfdl17fc-origin-image.image,2026/3/20,,,200,44,In Affiliate,https://shop.tiktok.com/view/product/1729779546101554132?region=GB&locale=en,,,,
新老品,GB,1729656960624073433,S251009040609,Auspico,标码女装,女士针织衫,4.4,https://p16-she-va.ibyteimg.com/tos-alisg-i-f7lenjegsh-sg/33671f5823654d118a069a3847c4f866~tplv-g9dfdl17fc-origin-image.image,2025/10/9,,,130,45,In Affiliate,https://shop.tiktok.com/view/product/1729656960624073433?region=GB&locale=en,,,,
新老品,GB,1729784435447732780,S260323003971,Very Stylish Knit,标码女装,女士针织衫,4.5,https://p16-she-va.ibyteimg.com/tos-alisg-i-f7lenjegsh-sg/20f0dd9b7897486eae426616a34b6b6f~tplv-g9dfdl17fc-origin-image.image,2026/3/26,,,502,46,In Affiliate,https://shop.tiktok.com/view/product/1729784435447732780?region=GB&locale=en,,,,
新老品,GB,1729461977503796732,S250210010035,Hi anan,标码女装,女士针织衫,4.7,https://p16-she-va.ibyteimg.com/tos-maliva-i-g9dfdl17fc-us/58fc0bdf9cb34ff2b009cde1b0500909~tplv-g9dfdl17fc-origin-image.image,2025/2/20,,高GPM,154,47,In Affiliate,https://shop.tiktok.com/view/product/1729461977503796732?region=GB&locale=en,,,,
新老品,GB,1729784602737744852,S260323021706,fashion iconn,标码女装,女士针织衫,4.7,https://p16-she-va.ibyteimg.com/tos-alisg-i-f7lenjegsh-sg/b87b8ad706814207aa2bd98b0357b92b~tplv-g9dfdl17fc-origin-image.image,2026/4/4,,,524,48,In Affiliate,https://shop.tiktok.com/view/product/1729784602737744852?region=GB&locale=en,,,,
新老品,GB,1729460832517721254,S241223007110,Agivvia,标码女装,女士针织衫,4.6,https://p16-she-va.ibyteimg.com/tos-maliva-i-g9dfdl17fc-us/b37cc0d6e9cd4044bb7c21f6fe5dd977~tplv-g9dfdl17fc-origin-image.image,2025/2/17,,高GPM,279,49,In Affiliate,https://shop.tiktok.com/view/product/1729460832517721254?region=GB&locale=en,,,,
新老品,GB,1729402132633718507,S231104000432,Bettlity,标码女装,女士针织衫,4.5,https://p16-she-va.ibyteimg.com/tos-alisg-i-f7lenjegsh-sg/6fdf9ae5867d47c58fac0ff1e787f999~tplv-g9dfdl17fc-origin-image.image,2023/11/15,,,925,50,In Affiliate,https://shop.tiktok.com/view/product/1729402132633718507?region=GB&locale=en,,,,
新老品,GB,1729773245433944346,S260303040474,LILYTREE,标码女装,女士针织衫,4.5,https://p16-she-va.ibyteimg.com/tos-maliva-i-g9dfdl17fc-us/3c370797b0cf462296f7dcf5aed51031~tplv-g9dfdl17fc-origin-image.image,2026/3/5,,,292,51,In Affiliate,https://shop.tiktok.com/view/product/1729773245433944346?region=GB&locale=en,,,,
新老品,MX,1731760042524248066,S241112011069,Low Price Fashion,标码女装,女士针织衫,4.2,https://p16-she-va.ibyteimg.com/tos-alisg-i-f7lenjegsh-sg/ec263ffd2c80450191e544601ad47355~tplv-g9dfdl17fc-origin-image.image,2025/1/22,,,2342,1,In Affiliate,https://shop.tiktok.com/view/product/1731760042524248066?region=MX&locale=en,,,,
新老品,MX,1732150826037250373,S250227008373,YouAnnn,标码女装,女士针织衫,3.9,https://p16-she-va.ibyteimg.com/tos-alisg-i-f7lenjegsh-sg/1f6ec46258b24afbbd54a3b76d5773c0~tplv-g9dfdl17fc-origin-image.image,2025/3/22,,,409,2,In Affiliate,https://shop.tiktok.com/view/product/1732150826037250373?region=MX&locale=en,,,,
新老品,MX,1734218311457539149,S260128044038,YarnPop,标码女装,女士针织衫,3.6,https://p16-she-va.ibyteimg.com/tos-alisg-i-f7lenjegsh-sg/0e441397aa6f42039fbb00573da8e78d~tplv-g9dfdl17fc-origin-image.image,2026/1/30,,,270,3,In Affiliate,https://shop.tiktok.com/view/product/1734218311457539149?region=MX&locale=en,,,,
新老品,MX,1732182878298081030,S250627017569,Knit Mix,标码女装,女士针织衫,3.9,https://p16-she-va.ibyteimg.com/tos-maliva-i-g9dfdl17fc-us/4d78526b758b449288f57bfe2441ce65~tplv-g9dfdl17fc-origin-image.image,2025/8/11,,,323,4,In Affiliate,https://shop.tiktok.com/view/product/1732182878298081030?region=MX&locale=en,,,,
新老品,MX,1732229877512505507,S250317018578,Yz Sweaters,标码女装,女士针织衫,4.9,https://p16-she-va.ibyteimg.com/tos-alisg-i-f7lenjegsh-sg/04e91b3c4e984d68a703fecbd2286771~tplv-g9dfdl17fc-origin-image.image,2025/4/1,,,197,5,In Affiliate,https://shop.tiktok.com/view/product/1732229877512505507?region=MX&locale=en,,,,
新老品,MX,1732125949773253210,S231108004319,Orgnvin,标码女装,女士针织衫,5,https://p16-she-va.ibyteimg.com/tos-alisg-i-f7lenjegsh-sg/eb866335d5494c7fb609561936d1a8a1~tplv-g9dfdl17fc-origin-image.image,2025/3/19,,,858,6,In Affiliate,https://shop.tiktok.com/view/product/1732125949773253210?region=MX&locale=en,,,,
新老品,MX,1732129060366223685,S250218002732,YouAnnn,标码女装,女士针织衫,3.9,https://p16-she-va.ibyteimg.com/tos-maliva-i-g9dfdl17fc-us/f4a1d064d93f48d2a17b27d9b484f368~tplv-g9dfdl17fc-origin-image.image,2025/3/19,,,399,7,In Affiliate,https://shop.tiktok.com/view/product/1732129060366223685?region=MX&locale=en,,,,
新老品,MX,1732174642719786044,S250311021136,Chic Chic Sweater,标码女装,女士针织衫,4.4,https://p16-she-va.ibyteimg.com/tos-alisg-i-f7lenjegsh-sg/1fb18c968e5c41ddbc2b879ef3afddac~tplv-g9dfdl17fc-origin-image.image,2025/8/10,,,652,8,In Affiliate,https://shop.tiktok.com/view/product/1732174642719786044?region=MX&locale=en,,,,
新老品,MX,1732061429770979930,S231027004255,Orgnvin,标码女装,女士针织衫,5,https://p16-she-va.ibyteimg.com/tos-alisg-i-f7lenjegsh-sg/3ee4ad047fe44ed8971ae69bbd0818d4~tplv-g9dfdl17fc-origin-image.image,2025/3/12,,,1008,9,In Affiliate,https://shop.tiktok.com/view/product/1732061429770979930?region=MX&locale=en,,,,
新老品,US,1732296156486537412,S260318058158,FACIO Direct,标码女装,女士针织衫,4.3,https://p16-she-va.ibyteimg.com/tos-alisg-i-f7lenjegsh-sg/a77d979863324096b0bb0e4fcca3bc92~tplv-g9dfdl17fc-origin-image.image,2026/3/20,,,230,1,In Affiliate,https://shop.tiktok.com/view/product/1732296156486537412?region=US&locale=en,,,,
新老品,US,1730400707823243810,S241220009569,Meiduo Joy,标码女装,女士针织衫,4.6,https://p16-she-va.ibyteimg.com/tos-alisg-i-f7lenjegsh-sg/95e5f60567d04d6c84206341767352ff~tplv-g9dfdl17fc-origin-image.image,2025/1/1,,,928,2,In Affiliate,https://shop.tiktok.com/view/product/1730400707823243810?region=US&locale=en,,,,
新老品,US,1729479845478241357,S260128044038,YarnPop,标码女装,女士针织衫,4.8,https://p16-she-va.ibyteimg.com/tos-alisg-i-f7lenjegsh-sg/0e441397aa6f42039fbb00573da8e78d~tplv-g9dfdl17fc-origin-image.image,2026/1/30,,,667,3,In Affiliate,https://shop.tiktok.com/view/product/1729479845478241357?region=US&locale=en,,,,
新老品,US,1732153973628833955,S251217171519,Yz Sweaters,标码女装,女士针织衫,4.3,https://p16-she-va.ibyteimg.com/tos-alisg-i-f7lenjegsh-sg/86554b6aa81341cdbc3052f19ab983f9~tplv-g9dfdl17fc-origin-image.image,2025/12/29,,,538,4,In Affiliate,https://shop.tiktok.com/view/product/1732153973628833955?region=US&locale=en,,,,
新老品,US,1729416310952923410,S231121003320,Hiying,标码女装,女士针织衫,4.1,https://p16-she-va.ibyteimg.com/tos-alisg-i-f7lenjegsh-sg/7e316a1166d34d628ff2bc3368d85205~tplv-g9dfdl17fc-origin-image.image,2023/11/27,,,387,5,In Affiliate,https://shop.tiktok.com/view/product/1729416310952923410?region=US&locale=en,,,,
新老品,US,1729458410874835021,S240314006858,YarnPop,标码女装,女士针织衫,4.8,https://p16-she-va.ibyteimg.com/tos-alisg-i-f7lenjegsh-sg/b5381a3b40dd4d6fb5e81b8c18147b60~tplv-g9dfdl17fc-origin-image.image,2024/4/2,,,613,6,In Affiliate,https://shop.tiktok.com/view/product/1729458410874835021?region=US&locale=en,,,,
新老品,US,1732196535978529790,S260105038071,Ailyak knit,标码女装,女士针织衫,4.4,https://p16-she-va.ibyteimg.com/tos-alisg-i-f7lenjegsh-sg/f2a50749ff50426ba396090cf25191d1~tplv-g9dfdl17fc-origin-image.image,2026/1/5,,,917,7,In Affiliate,https://shop.tiktok.com/view/product/1732196535978529790?region=US&locale=en,,,,
新老品,US,1732238692493267269,S260119043503,YouAnnn,标码女装,女士针织衫,3.9,https://p16-she-va.ibyteimg.com/tos-alisg-i-f7lenjegsh-sg/d9c96f4b7afd4ebe8a6d983bc652aef4~tplv-g9dfdl17fc-origin-image.image,2026/1/25,,,320,8,In Affiliate,https://shop.tiktok.com/view/product/1732238692493267269?region=US&locale=en,,,,
新老品,US,1729448380989674074,S240224002234,Orgnvin,标码女装,女士针织衫,4.4,https://p16-she-va.ibyteimg.com/tos-alisg-i-f7lenjegsh-sg/ec1f2f9ef9b440399bf751f5feed61a1~tplv-g9dfdl17fc-origin-image.image,2024/3/11,,,3309,9,In Affiliate,https://shop.tiktok.com/view/product/1729448380989674074?region=US&locale=en,,,,
新老品,US,1729496540721878298,S260303040474,LILYTREE,标码女装,女士针织衫,4.6,https://p16-she-va.ibyteimg.com/tos-alisg-i-f7lenjegsh-sg/83b3b574faf5435a926bd1169664feed~tplv-g9dfdl17fc-origin-image.image,2026/3/5,,,380,10,In Affiliate,https://shop.tiktok.com/view/product/1729496540721878298?region=US&locale=en,,,,
新老品,US,1732318289177908049,S260403037791,Chic Price Cloaks,标码女装,女士针织衫,3.9,https://p16-she-va.ibyteimg.com/tos-alisg-i-f7lenjegsh-sg/f70d999637f4421aae14ab2b3295837c~tplv-g9dfdl17fc-origin-image.image,2026/4/3,,,313,11,In Affiliate,https://shop.tiktok.com/view/product/1732318289177908049?region=US&locale=en,,,,
新老品,US,1732292826324112340,S260315032598,fashion iconn,标码女装,女士针织衫,4.5,https://p16-she-va.ibyteimg.com/tos-alisg-i-f7lenjegsh-sg/4fb2d9bac56348b1a0823b91c3b1fb74~tplv-g9dfdl17fc-origin-image.image,2026/3/23,,,438,12,In Affiliate,https://shop.tiktok.com/view/product/1732292826324112340?region=US&locale=en,,,,
新老品,US,1729487699947393306,S240513003870,LILYTREE,标码女装,女士针织衫,4.6,https://p16-she-va.ibyteimg.com/tos-maliva-i-g9dfdl17fc-us/9390d34074ac44fab8838993a0efe84a~tplv-g9dfdl17fc-origin-image.image,2024/5/28,,,583,13,In Affiliate,https://shop.tiktok.com/view/product/1729487699947393306?region=US&locale=en,,,,
新老品,US,1729461859177500749,S240320007348,YarnPop,标码女装,女士针织衫,4.8,https://p16-she-va.ibyteimg.com/tos-alisg-i-f7lenjegsh-sg/3a4017b46e23477cbb93ab2a1169041a~tplv-g9dfdl17fc-origin-image.image,2024/4/9,,,435,14,In Affiliate,https://shop.tiktok.com/view/product/1729461859177500749?region=US&locale=en,,,,
新老品,US,1730691668108153493,S250210009304,Lusmay,标码女装,女士针织衫,4.6,https://p16-she-va.ibyteimg.com/tos-alisg-i-f7lenjegsh-sg/0c1efa25dff94a78a19f62e50acbe118~tplv-g9dfdl17fc-origin-image.image,2025/2/17,,,719,15,In Affiliate,https://shop.tiktok.com/view/product/1730691668108153493?region=US&locale=en,,,,
新老品,US,1730065980107165698,S241112011069,Low Price Fashion,标码女装,女士针织衫,4.8,https://p16-she-va.ibyteimg.com/tos-alisg-i-f7lenjegsh-sg/ec263ffd2c80450191e544601ad47355~tplv-g9dfdl17fc-origin-image.image,2024/11/26,,,880,16,In Affiliate,https://shop.tiktok.com/view/product/1730065980107165698?region=US&locale=en,,,,
新老品,US,1732299577584423108,S260320070427,FACIO Direct,标码女装,女士针织衫,4.3,https://p16-she-va.ibyteimg.com/tos-alisg-i-f7lenjegsh-sg/95901fb8e0904f03834b6550a11e1e80~tplv-g9dfdl17fc-origin-image.image,2026/3/30,,,304,17,In Affiliate,https://shop.tiktok.com/view/product/1732299577584423108?region=US&locale=en,,,,
新老品,US,1729503308713399492,S260309044165,FACIO Direct,标码女装,女士针织衫,4.3,https://p16-she-va.ibyteimg.com/tos-alisg-i-f7lenjegsh-sg/ce9c18e3ed1a4efaa57fa4d6fd83dc22~tplv-g9dfdl17fc-origin-image.image,2026/3/12,,,273,18,In Affiliate,https://shop.tiktok.com/view/product/1729503308713399492?region=US&locale=en,,,,
新老品,US,1729476083041867688,S260127007651,Chic Weaves,标码女装,女士针织衫,4.4,https://p16-she-va.ibyteimg.com/tos-alisg-i-f7lenjegsh-sg/f6c2870ba9a244918f6ba71137658ef1~tplv-g9dfdl17fc-origin-image.image,2026/1/30,,,338,19,In Affiliate,https://shop.tiktok.com/view/product/1729476083041867688?region=US&locale=en,,,,
新老品,US,1732192594265412606,S260103034179,Ailyak knit,标码女装,女士针织衫,4.4,https://p16-she-va.ibyteimg.com/tos-alisg-i-f7lenjegsh-sg/cdb8fee427fa484c81cd5c28c8e48a51~tplv-g9dfdl17fc-origin-image.image,2026/1/3,,,882,20,In Affiliate,https://shop.tiktok.com/view/product/1732192594265412606?region=US&locale=en,,,,
新老品,US,1732300592484880986,S260321053948,Orgnvin,标码女装,女士针织衫,4.4,https://p16-she-va.ibyteimg.com/tos-alisg-i-f7lenjegsh-sg/869a21bb6d33487f862714485c7e5147~tplv-g9dfdl17fc-origin-image.image,2026/3/21,,高GPM,1139,21,In Affiliate,https://shop.tiktok.com/view/product/1732300592484880986?region=US&locale=en,,,,
新老品,US,1730875833358520846,S250219015229,YunShine,标码女装,女士针织衫,4.6,https://p16-she-va.ibyteimg.com/tos-alisg-i-f7lenjegsh-sg/7eb14afe5dc7424898ec5da252a954ab~tplv-g9dfdl17fc-origin-image.image,2025/3/16,,高GPM,875,22,In Affiliate,https://shop.tiktok.com/view/product/1730875833358520846?region=US&locale=en,,,,
新老品,US,1730939787549249699,S250317018578,Yz Sweaters,标码女装,女士针织衫,4.3,https://p16-she-va.ibyteimg.com/tos-maliva-i-g9dfdl17fc-us/507d6116c2ad4b4ba1c7880c4a38d42d~tplv-g9dfdl17fc-origin-image.image,2025/3/27,,,453,23,In Affiliate,https://shop.tiktok.com/view/product/1730939787549249699?region=US&locale=en,,,,
新老品,US,1732320906720285274,S260406038831,Orgnvin,标码女装,女士针织衫,4.4,https://p16-she-va.ibyteimg.com/tos-alisg-i-f7lenjegsh-sg/14b586996246459c90b129e9e3272566~tplv-g9dfdl17fc-origin-image.image,2026/4/6,,,825,24,In Affiliate,https://shop.tiktok.com/view/product/1732320906720285274?region=US&locale=en,,,,
新老品,US,1731548196027077210,S250726019376,Orgnvin,标码女装,女士针织衫,4.4,https://p16-she-va.ibyteimg.com/tos-alisg-i-f7lenjegsh-sg/802027fb2e544d9a8cb0d02fe140950f~tplv-g9dfdl17fc-origin-image.image,2025/7/31,,,470,25,In Affiliate,https://shop.tiktok.com/view/product/1731548196027077210?region=US&locale=en,,,,
新老品,US,1732290939656180692,S260313037553,fashion iconn,标码女装,女士针织衫,4.5,https://p16-she-va.ibyteimg.com/tos-alisg-i-f7lenjegsh-sg/06454800d1d74b5a85fa89fbad90abed~tplv-g9dfdl17fc-origin-image.image,2026/3/16,,,350,26,In Affiliate,https://shop.tiktok.com/view/product/1732290939656180692?region=US&locale=en,,,,
新老品,US,1730743606099546437,S250218002732,YouAnnn,标码女装,女士针织衫,3.9,https://p16-she-va.ibyteimg.com/tos-maliva-i-g9dfdl17fc-us/a9660cc0f5af4d26b3e5bda1bd0edeeb~tplv-g9dfdl17fc-origin-image.image,2025/2/24,,高GPM,518,27,In Affiliate,https://shop.tiktok.com/view/product/1730743606099546437?region=US&locale=en,,,,
新老品,US,1730916195740258364,S250311021136,Chic Chic Sweater,标码女装,女士针织衫,4.3,https://p16-she-va.ibyteimg.com/tos-alisg-i-f7lenjegsh-sg/1fb18c968e5c41ddbc2b879ef3afddac~tplv-g9dfdl17fc-origin-image.image,2025/3/23,,高GPM,672,28,In Affiliate,https://shop.tiktok.com/view/product/1730916195740258364?region=US&locale=en,,,,
新老品,US,1730815119492550981,S250227008373,YouAnnn,标码女装,女士针织衫,3.9,https://p16-she-va.ibyteimg.com/tos-maliva-i-g9dfdl17fc-us/350e0b2fc28e487f89bdca4c82f701bf~tplv-g9dfdl17fc-origin-image.image,2025/3/6,,,249,29,In Affiliate,https://shop.tiktok.com/view/product/1730815119492550981?region=US&locale=en,,,,
新老品,US,1732275853972116316,S260128047631,Chic And Simple,标码女装,女士针织衫,4.3,https://p16-she-va.ibyteimg.com/tos-alisg-i-f7lenjegsh-sg/3aced266f64743bea74aeeeee9a21787~tplv-g9dfdl17fc-origin-image.image,2026/2/25,,,493,30,In Affiliate,https://shop.tiktok.com/view/product/1732275853972116316?region=US&locale=en,,,,
新老品,US,1730927580443415054,S250312012262,YunShine,标码女装,女士针织衫,4.6,https://p16-she-va.ibyteimg.com/tos-alisg-i-f7lenjegsh-sg/79e5ae7f3ae844dc8bddaf608f94643a~tplv-g9dfdl17fc-origin-image.image,2025/3/25,,高GPM,823,31,In Affiliate,https://shop.tiktok.com/view/product/1730927580443415054?region=US&locale=en,,,,
新老品,US,1730856967047779240,S250219001304,Chic Weaves,标码女装,女士针织衫,4.4,https://p16-she-va.ibyteimg.com/tos-maliva-i-g9dfdl17fc-us/e223813c13b44be2b1a0deb87925e5e9~tplv-g9dfdl17fc-origin-image.image,2025/3/13,,,199,32,In Affiliate,https://shop.tiktok.com/view/product/1730856967047779240?region=US&locale=en,,,,
新老品,US,1729457773679907477,S240325001454,Lusmay,标码女装,女士针织衫,4.6,https://p16-she-va.ibyteimg.com/tos-maliva-i-g9dfdl17fc-us/67340316bf9d438e9028d6ef8dbee476~tplv-g9dfdl17fc-origin-image.image,2024/4/1,,,549,33,In Affiliate,https://shop.tiktok.com/view/product/1729457773679907477?region=US&locale=en,,,,
新老品,US,1729413744750662234,S231108004319,Orgnvin,标码女装,女士针织衫,4.4,https://p16-she-va.ibyteimg.com/tos-alisg-i-f7lenjegsh-sg/eb866335d5494c7fb609561936d1a8a1~tplv-g9dfdl17fc-origin-image.image,2023/11/17,,,962,34,In Affiliate,https://shop.tiktok.com/view/product/1729413744750662234?region=US&locale=en,,,,
新老品,US,1729447530399764988,S240229005364,Hi anan,标码女装,女士针织衫,4.3,https://p16-she-va.ibyteimg.com/tos-alisg-i-f7lenjegsh-sg/5569218b45a6467f92aaa92abfb33525~tplv-g9dfdl17fc-origin-image.image,2024/3/8,,,77,35,In Affiliate,https://shop.tiktok.com/view/product/1729447530399764988?region=US&locale=en,,,,
新老品,US,1732280670327247784,S260228039426,Chic Weaves,标码女装,女士针织衫,4.4,https://p16-she-va.ibyteimg.com/tos-alisg-i-f7lenjegsh-sg/6004bd6ce5414737af76410e334dd716~tplv-g9dfdl17fc-origin-image.image,2026/3/3,,高GPM,295,36,In Affiliate,https://shop.tiktok.com/view/product/1732280670327247784?region=US&locale=en,,,,
新老品,US,1729454530684490502,S240312005034,Knit Mix,标码女装,女士针织衫,3.1,https://p16-she-va.ibyteimg.com/tos-alisg-i-f7lenjegsh-sg/5839584595c9482eb014b06bbcf55da8~tplv-g9dfdl17fc-origin-image.image,2024/3/25,,,614,37,In Affiliate,https://shop.tiktok.com/view/product/1729454530684490502?region=US&locale=en,,,,
新老品,US,1732309809378857562,S260328033125,Orgnvin,标码女装,女士针织衫,4.4,https://p16-she-va.ibyteimg.com/tos-alisg-i-f7lenjegsh-sg/f42b039066094ec0872502a6ab314141~tplv-g9dfdl17fc-origin-image.image,2026/3/28,,高GPM,586,38,In Affiliate,https://shop.tiktok.com/view/product/1732309809378857562?region=US&locale=en,,,,
新老品,US,1731404975383220420,S250625021533,FACIO Direct,标码女装,女士针织衫,4.3,https://p16-she-va.ibyteimg.com/tos-alisg-i-f7lenjegsh-sg/40cb66a7a7194ac4a372e6ed42d130b0~tplv-g9dfdl17fc-origin-image.image,2025/7/5,,,142,39,In Affiliate,https://shop.tiktok.com/view/product/1731404975383220420?region=US&locale=en,,,,
新老品,US,1732274325670236706,S260224016030,Meiduo Joy,标码女装,女士针织衫,4.6,https://p16-she-va.ibyteimg.com/tos-alisg-i-f7lenjegsh-sg/59a2d9cfca2e4ff588a7eb053b201fa4~tplv-g9dfdl17fc-origin-image.image,2026/3/1,,,202,40,In Affiliate,https://shop.tiktok.com/view/product/1732274325670236706?region=US&locale=en,,,,
新老品,US,1732304692793217348,S260324032990,Trendy GY,标码女装,女士针织衫,3.5,https://p16-she-va.ibyteimg.com/tos-alisg-i-f7lenjegsh-sg/31c51001ed7b4f0ea23763c8caf19682~tplv-g9dfdl17fc-origin-image.image,2026/3/25,,,943,41,In Affiliate,https://shop.tiktok.com/view/product/1732304692793217348?region=US&locale=en,,,,
新老品,US,1730746197668631302,S250223000775,Knit Mix,标码女装,女士针织衫,3.1,https://p16-she-va.ibyteimg.com/tos-alisg-i-f7lenjegsh-sg/61e0c65502464878abd6472f771b24b0~tplv-g9dfdl17fc-origin-image.image,2025/2/24,,,329,42,In Affiliate,https://shop.tiktok.com/view/product/1730746197668631302?region=US&locale=en,,,,
新老品,US,1729420749711315110,S231119001164,Agivvia,标码女装,女士针织衫,3.8,https://p16-she-va.ibyteimg.com/tos-alisg-i-f7lenjegsh-sg/d715d7e299274078aae3a8bd5f414350~tplv-g9dfdl17fc-origin-image.image,2023/12/11,,,514,43,In Affiliate,https://shop.tiktok.com/view/product/1729420749711315110?region=US&locale=en,,,,
新老品,US,1729503756534912849,S260309046037,Chic Price Cloaks,标码女装,女士针织衫,3.9,https://p16-she-va.ibyteimg.com/tos-alisg-i-f7lenjegsh-sg/28df97723a514353bad62dcbee340d85~tplv-g9dfdl17fc-origin-image.image,2026/3/10,,,491,44,In Affiliate,https://shop.tiktok.com/view/product/1729503756534912849?region=US&locale=en,,,,
新老品,US,1732203978415510276,S260107098969,SML Sweaters,标码女装,女士针织衫,4.2,https://p16-she-va.ibyteimg.com/tos-alisg-i-f7lenjegsh-sg/586102a1b8b249c6a5c6e7950047789f~tplv-g9dfdl17fc-origin-image.image,2026/1/10,,,331,45,In Affiliate,https://shop.tiktok.com/view/product/1732203978415510276?region=US&locale=en,,,,
新老品,US,1732299229271790076,S260320027829,Hi anan,标码女装,女士针织衫,4.3,https://p16-she-va.ibyteimg.com/tos-alisg-i-f7lenjegsh-sg/9fb5028b5e7d45a69f640acfaf591fb0~tplv-g9dfdl17fc-origin-image.image,2026/3/22,,高GPM,206,46,In Affiliate,https://shop.tiktok.com/view/product/1732299229271790076?region=US&locale=en,,,,
新老品,US,1732172183044395857,S251224070902,Chic Price Cloaks,标码女装,女士针织衫,3.9,https://p16-she-va.ibyteimg.com/tos-alisg-i-f7lenjegsh-sg/d7d62bd3be41415f93b72a3665fcd805~tplv-g9dfdl17fc-origin-image.image,2026/3/6,,,123,47,In Affiliate,https://shop.tiktok.com/view/product/1732172183044395857?region=US&locale=en,,,,
新老品,US,1732245646171410508,S260120056984,KAYWIDE Resort,标码女装,女士针织衫,3.4,https://p16-she-va.ibyteimg.com/tos-maliva-i-g9dfdl17fc-us/aab7969d40774bbaad045b927e6cdada~tplv-g9dfdl17fc-origin-image.image,2026/1/28,,,302,48,In Affiliate,https://shop.tiktok.com/view/product/1732245646171410508?region=US&locale=en,,,,
新老品,US,1732387274793784262,S260506035708,Kalika Boutique,标码女装,女士针织衫,4.8,https://p16-she-va.ibyteimg.com/tos-alisg-i-f7lenjegsh-sg/72da9fde9e3a4f458118586b1d342a3f~tplv-g9dfdl17fc-origin-image.image,2026/5/9,,,124,49,In Affiliate,https://shop.tiktok.com/view/product/1732387274793784262?region=US&locale=en,,,,
新老品,US,1729387696935768412,S230627004373,Zhichn Clthing,标码女装,女士针织衫,4.7,https://p16-she-va.ibyteimg.com/tos-alisg-i-f7lenjegsh-sg/75aa0ee1db0d46489871c3113648f882~tplv-g9dfdl17fc-origin-image.image,2023/8/7,,,1772,50,In Affiliate,https://shop.tiktok.com/view/product/1729387696935768412?region=US&locale=en,,,,
新老品,US,1730691605586481318,S241223007110,Agivvia,标码女装,女士针织衫,3.8,https://p16-she-va.ibyteimg.com/tos-maliva-i-g9dfdl17fc-us/7a86185b974649ef9346b0c68069dcca~tplv-g9dfdl17fc-origin-image.image,2025/2/17,内容场占比低,高GPM,229,51,In Affiliate,https://shop.tiktok.com/view/product/1730691605586481318?region=US&locale=en,,,,
新老品,US,1729487085815042330,S240522005634,LILYTREE,标码女装,女士针织衫,4.6,https://p16-she-va.ibyteimg.com/tos-alisg-i-f7lenjegsh-sg/c5adc30f45fa4ad4bb0494e572bced63~tplv-g9dfdl17fc-origin-image.image,2024/5/27,,,255,52,In Affiliate,https://shop.tiktok.com/view/product/1729487085815042330?region=US&locale=en,,,,
新老品,US,1732372692000084478,S260427033135,Wting clothes,标码女装,女士针织衫,4.2,https://p16-she-va.ibyteimg.com/tos-alisg-i-f7lenjegsh-sg/815c1d54e0684d7eb9837e7003770884~tplv-g9dfdl17fc-origin-image.image,2026/4/28,内容场占比低,高GPM,118,53,In Affiliate,https://shop.tiktok.com/view/product/1732372692000084478?region=US&locale=en,,,,
新老品,US,1732301623697510956,S260323003971,Very Stylish Knit,标码女装,女士针织衫,4.5,https://p16-she-va.ibyteimg.com/tos-alisg-i-f7lenjegsh-sg/20f0dd9b7897486eae426616a34b6b6f~tplv-g9dfdl17fc-origin-image.image,2026/3/26,,,458,54,In Affiliate,https://shop.tiktok.com/view/product/1732301623697510956?region=US&locale=en,,,,
新老品,US,1729451258492130074,S240305005197,FASHION DOLA,标码女装,女士针织衫,4.7,https://p16-she-va.ibyteimg.com/tos-maliva-i-g9dfdl17fc-us/42380a8c2dac44ceaa764b4bb775a9ec~tplv-g9dfdl17fc-origin-image.image,2024/3/18,,高GPM,303,55,In Affiliate,https://shop.tiktok.com/view/product/1729451258492130074?region=US&locale=en,,,,
新老品,US,1731150304848220485,S250428014755,YouAnnn,标码女装,女士针织衫,3.9,https://p16-she-va.ibyteimg.com/tos-alisg-i-f7lenjegsh-sg/7ce38e6775924dd297dc3a700f544cb0~tplv-g9dfdl17fc-origin-image.image,2025/5/11,,,292,56,In Affiliate,https://shop.tiktok.com/view/product/1731150304848220485?region=US&locale=en,,,,
新老品,US,1729495846439982246,S260304037063,Agivvia,标码女装,女士针织衫,3.8,https://p16-she-va.ibyteimg.com/tos-alisg-i-f7lenjegsh-sg/9561b95b95ce41e7ab98c09f29aa94f5~tplv-g9dfdl17fc-origin-image.image,2026/3/13,,,253,57,In Affiliate,https://shop.tiktok.com/view/product/1729495846439982246?region=US&locale=en,,,,
新老品,US,1731333847149809989,S250613008382,YouAnnn,标码女装,女士针织衫,3.9,https://p16-she-va.ibyteimg.com/tos-alisg-i-f7lenjegsh-sg/5f45d66f0c7a4712a3a8e3b6b1f17aed~tplv-g9dfdl17fc-origin-image.image,2025/6/20,,,319,58,In Affiliate,https://shop.tiktok.com/view/product/1731333847149809989?region=US&locale=en,,,,
新老品,US,1730330040679895812,S241204010240,SML Sweaters,标码女装,女士针织衫,4.2,https://p16-she-va.ibyteimg.com/tos-maliva-i-g9dfdl17fc-us/9b684124b06147f59cdd5c38b26c3447~tplv-g9dfdl17fc-origin-image.image,2024/12/22,,,331,59,In Affiliate,https://shop.tiktok.com/view/product/1730330040679895812?region=US&locale=en,,,,
新老品,US,1732290939828016084,S260313037807,fashion iconn,标码女装,女士针织衫,4.5,https://p16-she-va.ibyteimg.com/tos-alisg-i-f7lenjegsh-sg/d046c7a539624246b411d72a90b99547~tplv-g9dfdl17fc-origin-image.image,2026/3/22,,,185,60,In Affiliate,https://shop.tiktok.com/view/product/1732290939828016084?region=US&locale=en,,,,
新老品,US,1732406295534080179,S260520031675,ZOVINRIA,标码女装,女士针织衫,3.4,https://p16-she-va.ibyteimg.com/tos-alisg-i-f7lenjegsh-sg/cff65432323d4495b81f90afc1609635~tplv-g9dfdl17fc-origin-image.image,2026/5/29,内容场占比低,,109,61,In Affiliate,https://shop.tiktok.com/view/product/1732406295534080179?region=US&locale=en,,,,
新老品,US,1732310352812413094,S260329017529,Agivvia,标码女装,女士针织衫,3.8,https://p16-she-va.ibyteimg.com/tos-alisg-i-f7lenjegsh-sg/67753e33f5b7475598b97e5894ae679b~tplv-g9dfdl17fc-origin-image.image,2026/4/4,,,340,62,In Affiliate,https://shop.tiktok.com/view/product/1732310352812413094?region=US&locale=en,,,,
新老品,US,1729449619846501099,S240228003313,Bettlity,标码女装,女士针织衫,4.7,https://p16-she-va.ibyteimg.com/tos-alisg-i-f7lenjegsh-sg/9e8a402afeb9446bb03fab026ba5db06~tplv-g9dfdl17fc-origin-image.image,2024/3/14,,,182,63,In Affiliate,https://shop.tiktok.com/view/product/1729449619846501099?region=US&locale=en,,,,
新老品,US,1732290928680211412,S260313074465,fashion iconn,标码女装,女士针织衫,4.5,https://p16-she-va.ibyteimg.com/tos-alisg-i-f7lenjegsh-sg/77168f3739b742cfb81de83f656683a2~tplv-g9dfdl17fc-origin-image.image,2026/3/20,,,185,64,In Affiliate,https://shop.tiktok.com/view/product/1732290928680211412?region=US&locale=en,,,,
新老品,US,1729413212566229739,S231104000432,Bettlity,标码女装,女士针织衫,4.7,https://p16-she-va.ibyteimg.com/tos-alisg-i-f7lenjegsh-sg/6fdf9ae5867d47c58fac0ff1e787f999~tplv-g9dfdl17fc-origin-image.image,2023/11/15,,,1334,65,In Affiliate,https://shop.tiktok.com/view/product/1729413212566229739?region=US&locale=en,,,,
新老品,US,1732276827930530074,S260225036625,LILYTREE,标码女装,女士针织衫,4.6,https://p16-she-va.ibyteimg.com/tos-maliva-i-g9dfdl17fc-us/a826555f557b4537b065176efe293b6d~tplv-g9dfdl17fc-origin-image.image,2026/2/27,,高GPM,171,66,In Affiliate,https://shop.tiktok.com/view/product/1732276827930530074?region=US&locale=en,,,,
新老品,US,1732403537850175667,S260518031011,ZOVINRIA,标码女装,女士针织衫,3.4,https://p16-she-va.ibyteimg.com/tos-alisg-i-f7lenjegsh-sg/2dfb6c8d05a441efb0e3b0d26062f4d2~tplv-g9dfdl17fc-origin-image.image,2026/5/24,,,20,67,In Affiliate,https://shop.tiktok.com/view/product/1732403537850175667?region=US&locale=en,,,,
新老品,US,1730679665393373350,S241227007627,Agivvia,标码女装,女士针织衫,3.8,https://p16-she-va.ibyteimg.com/tos-alisg-i-f7lenjegsh-sg/4b520c35abb545fc851a6486ef23847b~tplv-g9dfdl17fc-origin-image.image,2025/2/14,,高GPM,168,68,In Affiliate,https://shop.tiktok.com/view/product/1730679665393373350?region=US&locale=en,,,,
新老品,US,1732371629456658940,S260427023038,Hi anan,标码女装,女士针织衫,4.3,https://p16-she-va.ibyteimg.com/tos-alisg-i-f7lenjegsh-sg/25c7a7659ecc4a678e3746e01f8dccb1~tplv-g9dfdl17fc-origin-image.image,2026/4/29,,,0,69,In Affiliate,https://shop.tiktok.com/view/product/1732371629456658940?region=US&locale=en,,,,
新老品,US,1732316996706341713,S260402052662,Chic Price Cloaks,标码女装,女士针织衫,3.9,https://p16-she-va.ibyteimg.com/tos-alisg-i-f7lenjegsh-sg/373334c2f44d41a087eaa1582d234c90~tplv-g9dfdl17fc-origin-image.image,2026/4/2,,,122,70,In Affiliate,https://shop.tiktok.com/view/product/1732316996706341713?region=US&locale=en,,,,
新老品,US,1732108547405747198,S260109094531,Ailyak knit,标码女装,女士针织衫,4.4,https://p16-she-va.ibyteimg.com/tos-alisg-i-f7lenjegsh-sg/593dc2cb02b048fa91cb58b87cd97fb8~tplv-g9dfdl17fc-origin-image.image,2026/1/9,,,183,71,In Affiliate,https://shop.tiktok.com/view/product/1732108547405747198?region=US&locale=en,,,,
新老品,US,1732356027295175054,S260420025859,Happy Clothing one,标码女装,女士针织衫,3.2,https://p16-she-va.ibyteimg.com/tos-alisg-i-f7lenjegsh-sg/c6838704b2174f78a08d5fd2929fa7b7~tplv-g9dfdl17fc-origin-image.image,2026/5/1,内容场占比低,高GPM,203,72,In Affiliate,https://shop.tiktok.com/view/product/1732356027295175054?region=US&locale=en,,,,
新老品,US,1732309866127790929,S260328029257,Chic Price Cloaks,标码女装,女士针织衫,3.9,https://p16-she-va.ibyteimg.com/tos-alisg-i-f7lenjegsh-sg/d1593f067e7d4e458ba56e74398438db~tplv-g9dfdl17fc-origin-image.image,2026/3/28,内容场占比低,,99,73,In Affiliate,https://shop.tiktok.com/view/product/1732309866127790929?region=US&locale=en,,,,
新老品,US,1732292757646905589,S260316045636,KAYWIDE KnitCo,标码女装,女士针织衫,3.4,https://p16-she-va.ibyteimg.com/tos-alisg-i-f7lenjegsh-sg/3a7dec0ef1644d56b3774188b933b8c7~tplv-g9dfdl17fc-origin-image.image,2026/3/19,内容场占比低,,144,74,In Affiliate,https://shop.tiktok.com/view/product/1732292757646905589?region=US&locale=en,,,,
新老品,US,1729478897261777557,S240502001902,Lusmay,标码女装,女士针织衫,4.6,https://p16-she-va.ibyteimg.com/tos-alisg-i-f7lenjegsh-sg/a62866ef2fd041b6882a0e24156935c6~tplv-g9dfdl17fc-origin-image.image,2024/5/13,,高GPM,388,75,In Affiliate,https://shop.tiktok.com/view/product/1729478897261777557?region=US&locale=en,,,,
新老品,US,1731761022658515452,S250906034461,Hi anan,标码女装,女士针织衫,4.3,https://p16-she-va.ibyteimg.com/tos-alisg-i-f7lenjegsh-sg/e53c33c2f6a74508866931ae7ef3768f~tplv-g9dfdl17fc-origin-image.image,2025/9/12,,,91,76,In Affiliate,https://shop.tiktok.com/view/product/1731761022658515452?region=US&locale=en,,,,
新老品,US,1732219760831795228,S260113044758,Design Weave,标码女装,女士针织衫,3.5,https://p16-she-va.ibyteimg.com/tos-alisg-i-f7lenjegsh-sg/44e6443f66e34ca5aad31fea6026fc2b~tplv-g9dfdl17fc-origin-image.image,2026/1/13,,,110,77,In Affiliate,https://shop.tiktok.com/view/product/1732219760831795228?region=US&locale=en,,,,
新老品,US,1729479526090248269,S240427002474,YarnPop,标码女装,女士针织衫,4.8,https://p16-she-va.ibyteimg.com/tos-alisg-i-f7lenjegsh-sg/389a4fd1260e48629af49edec72291c9~tplv-g9dfdl17fc-origin-image.image,2024/5/14,,,102,78,In Affiliate,https://shop.tiktok.com/view/product/1729479526090248269?region=US&locale=en,,,,
新老品,US,1730454807148663292,S241223005227,Hi anan,标码女装,女士针织衫,4.3,https://p16-she-va.ibyteimg.com/tos-alisg-i-f7lenjegsh-sg/658af674ccab47c894d9ff50d50f129e~tplv-g9dfdl17fc-origin-image.image,2025/1/8,,,72,79,In Affiliate,https://shop.tiktok.com/view/product/1730454807148663292?region=US&locale=en,,,,
新老品,US,1732131339822272837,S251206184055,YouAnnn,标码女装,女士针织衫,3.9,https://p16-she-va.ibyteimg.com/tos-maliva-i-g9dfdl17fc-us/5f33dc3516bf4fd6b6aa32aa9cf120cf~tplv-g9dfdl17fc-origin-image.image,2025/12/20,,,50,80,In Affiliate,https://shop.tiktok.com/view/product/1732131339822272837?region=US&locale=en,,,,
新老品,US,1731032448995725820,S250321015008,Hi anan,标码女装,女士针织衫,4.3,https://p16-she-va.ibyteimg.com/tos-maliva-i-g9dfdl17fc-us/9714947588fc48e3882dcaf2f3f69dab~tplv-g9dfdl17fc-origin-image.image,2025/4/15,,,122,81,In Affiliate,https://shop.tiktok.com/view/product/1731032448995725820?region=US&locale=en,,,,
新老品,US,1729452219195035930,S240307003657,LILYTREE,标码女装,女士针织衫,4.6,https://p16-she-va.ibyteimg.com/tos-maliva-i-g9dfdl17fc-us/b875641af9184f5e8fe7246484e78b91~tplv-g9dfdl17fc-origin-image.image,2024/3/20,内容场占比低,,77,82,In Affiliate,https://shop.tiktok.com/view/product/1729452219195035930?region=US&locale=en,,,,
新老品,US,1729498439936021227,S240605002557,Bettlity,标码女装,女士针织衫,4.7,https://p16-she-va.ibyteimg.com/tos-maliva-i-g9dfdl17fc-us/73e1b47d41d749e1905bfcdb2cf34279~tplv-g9dfdl17fc-origin-image.image,2024/6/17,,,13,83,In Affiliate,https://shop.tiktok.com/view/product/1729498439936021227?region=US&locale=en,,,,
新老品,US,1730348428514332914,S241213008988,Morrie Moon,标码女装,女士针织衫,4.6,https://p16-she-va.ibyteimg.com/tos-maliva-i-g9dfdl17fc-us/4db192b53a674c5a8ec22cf00b8e3eca~tplv-g9dfdl17fc-origin-image.image,2024/12/24,,高GPM,591,84,In Affiliate,https://shop.tiktok.com/view/product/1730348428514332914?region=US&locale=en,,,,
新老品,US,1729404028695646285,S230918007197,YarnPop,标码女装,女士针织衫,4.8,https://p16-she-va.ibyteimg.com/tos-maliva-i-g9dfdl17fc-us/284499d745734cbab98a2f5ba873482e~tplv-g9dfdl17fc-origin-image.image,2023/9/30,,,36,85,In Affiliate,https://shop.tiktok.com/view/product/1729404028695646285?region=US&locale=en,,,,
新老品,US,1729422540225286605,S231029001199,Wear Alliance,标码女装,女士针织衫,3.6,https://p16-she-va.ibyteimg.com/tos-alisg-i-f7lenjegsh-sg/adc8c4fd90e04ed299f5e6e08909a446~tplv-g9dfdl17fc-origin-image.image,2023/12/15,内容场占比低,高GPM,130,86,In Affiliate,https://shop.tiktok.com/view/product/1729422540225286605?region=US&locale=en,,,,
新老品,US,1729450267162611986,S240224001187,Hiying,标码女装,女士针织衫,4.1,https://p16-she-va.ibyteimg.com/tos-maliva-i-g9dfdl17fc-us/1c6049483a1543b8bff88b9ab63a4dd3~tplv-g9dfdl17fc-origin-image.image,2024/3/15,,,174,87,In Affiliate,https://shop.tiktok.com/view/product/1729450267162611986?region=US&locale=en,,,,
新老品,US,1731656298702476113,S250816000973,J Nova Shop,标码女装,女士针织衫,3.5,https://p16-she-va.ibyteimg.com/tos-alisg-i-f7lenjegsh-sg/b373df875588421896703ddb83f1db2d~tplv-g9dfdl17fc-origin-image.image,2025/8/22,,,81,88,In Affiliate,https://shop.tiktok.com/view/product/1731656298702476113?region=US&locale=en,,,,
新老品,US,1730258554167595780,S241129007849,SML Sweaters,标码女装,女士针织衫,4.2,https://p16-she-va.ibyteimg.com/tos-alisg-i-f7lenjegsh-sg/afcfbb0bd4ab423a9f6dd9b95ac1caff~tplv-g9dfdl17fc-origin-image.image,2024/12/15,,,382,89,In Affiliate,https://shop.tiktok.com/view/product/1730258554167595780?region=US&locale=en,,,,
新老品,US,1730428682689876250,S241227004986,LILYTREE,标码女装,女士针织衫,4.6,https://p16-she-va.ibyteimg.com/tos-alisg-i-f7lenjegsh-sg/d25aa3d0d5584dee94441776a5a10d99~tplv-g9dfdl17fc-origin-image.image,2025/1/5,,高GPM,170,90,In Affiliate,https://shop.tiktok.com/view/product/1730428682689876250?region=US&locale=en,,,,
新老品,US,1729720843895739247,S240921003990,Fourfo,标码女装,女士针织衫,4.7,https://p16-she-va.ibyteimg.com/tos-alisg-i-f7lenjegsh-sg/ed124c68ee5b46ef83895f2ac06a0980~tplv-g9dfdl17fc-origin-image.image,2024/10/18,,,145,91,In Affiliate,https://shop.tiktok.com/view/product/1729720843895739247?region=US&locale=en,,,,
新老品,US,1732313134947078729,S260331027693,JANE DRESSINGLOG,标码女装,女士针织衫,4.2,https://p16-she-va.ibyteimg.com/tos-alisg-i-f7lenjegsh-sg/0767b86bcd034d818c340b983126972f~tplv-g9dfdl17fc-origin-image.image,2026/4/2,,高GPM,131,92,In Affiliate,https://shop.tiktok.com/view/product/1732313134947078729?region=US&locale=en,,,,
新老品,US,1730473311854695061,S250107001481,Lusmay,标码女装,女士针织衫,4.6,https://p16-she-va.ibyteimg.com/tos-alisg-i-f7lenjegsh-sg/e911e29ac9144bc8b0ad3515a17f76db~tplv-g9dfdl17fc-origin-image.image,2025/1/10,,,135,93,In Affiliate,https://shop.tiktok.com/view/product/1730473311854695061?region=US&locale=en,,,,
新老品,US,1729481634297123324,S240506005637,Hi anan,标码女装,女士针织衫,4.3,https://p16-she-va.ibyteimg.com/tos-maliva-i-g9dfdl17fc-us/a716aae71db340e5b9d2df1becf6dcc6~tplv-g9dfdl17fc-origin-image.image,2024/5/17,内容场占比低,高GPM,205,94,In Affiliate,https://shop.tiktok.com/view/product/1729481634297123324?region=US&locale=en,,,,
新老品,US,1732275679856660988,S260224039820,Hi anan,标码女装,女士针织衫,4.3,https://p16-she-va.ibyteimg.com/tos-alisg-i-f7lenjegsh-sg/d194387342424000ad28ce8ff343afdc~tplv-g9dfdl17fc-origin-image.image,2026/3/12,,,84,95,In Affiliate,https://shop.tiktok.com/view/product/1732275679856660988?region=US&locale=en,,,,
新老品,US,1731306043271123269,S250608002654,YouAnnn,标码女装,女士针织衫,3.9,https://p16-she-va.ibyteimg.com/tos-maliva-i-g9dfdl17fc-us/f465d9b07eda4d10b738f4defac83c20~tplv-g9dfdl17fc-origin-image.image,2025/6/14,,高GPM,58,96,In Affiliate,https://shop.tiktok.com/view/product/1731306043271123269?region=US&locale=en,,,,
新老品,US,1732217057518719825,S260112053449,Chic Price Cloaks,标码女装,女士针织衫,3.9,https://p16-she-va.ibyteimg.com/tos-alisg-i-f7lenjegsh-sg/dac2cd59bbcb41e690f5483cca890125~tplv-g9dfdl17fc-origin-image.image,2026/1/12,,,303,97,In Affiliate,https://shop.tiktok.com/view/product/1732217057518719825?region=US&locale=en,,,,
新老品,US,1730501582495387973,S250101001928,YouAnnn,标码女装,女士针织衫,3.9,https://p16-she-va.ibyteimg.com/tos-maliva-i-g9dfdl17fc-us/6ed643eecc0944419a9484b87cd8f34c~tplv-g9dfdl17fc-origin-image.image,2025/1/14,,,145,98,In Affiliate,https://shop.tiktok.com/view/product/1730501582495387973?region=US&locale=en,,,,
新老品,US,1732285051090342133,S260303027651,KAYWIDE KnitCo,标码女装,女士针织衫,3.4,https://p16-she-va.ibyteimg.com/tos-alisg-i-f7lenjegsh-sg/622618f787aa4eaaad0fe07f6ad53f85~tplv-g9dfdl17fc-origin-image.image,2026/3/10,内容场占比低,,177,99,In Affiliate,https://shop.tiktok.com/view/product/1732285051090342133?region=US&locale=en,,,,
新老品,US,1732287225903878310,S260312059006,Agivvia,标码女装,女士针织衫,3.8,https://p16-she-va.ibyteimg.com/tos-alisg-i-f7lenjegsh-sg/b3837a88ec0e418ea4d6772cfc394b33~tplv-g9dfdl17fc-origin-image.image,2026/3/22,,,227,100,In Affiliate,https://shop.tiktok.com/view/product/1732287225903878310?region=US&locale=en,,,,
新老品,US,1730613757260698536,S250119000025,Chic Weaves,标码女装,女士针织衫,4.4,https://p16-she-va.ibyteimg.com/tos-alisg-i-f7lenjegsh-sg/0c5e632553a34940ba53d814a68e58fb~tplv-g9dfdl17fc-origin-image.image,2025/2/5,内容场占比低,,101,101,In Affiliate,https://shop.tiktok.com/view/product/1730613757260698536?region=US&locale=en,,,,
新老品,US,1729455646294971115,S240315002917,Bettlity,标码女装,女士针织衫,4.7,https://p16-she-va.ibyteimg.com/tos-alisg-i-f7lenjegsh-sg/66a400fa82bd4e519974bb40f48817a3~tplv-g9dfdl17fc-origin-image.image,2024/3/27,,,324,102,In Affiliate,https://shop.tiktok.com/view/product/1729455646294971115?region=US&locale=en,,,,
新老品,US,1732286568529367322,S260310012875,LILYTREE,标码女装,女士针织衫,4.6,https://p16-she-va.ibyteimg.com/tos-maliva-i-g9dfdl17fc-us/ff9e561340a04c479598ca8aa51489d9~tplv-g9dfdl17fc-origin-image.image,2026/3/14,,高GPM,149,103,In Affiliate,https://shop.tiktok.com/view/product/1732286568529367322?region=US&locale=en,,,,
新老品,US,1729474483699421347,S240404002674,Yz Sweaters,标码女装,女士针织衫,4.3,https://p16-she-va.ibyteimg.com/tos-maliva-i-g9dfdl17fc-us/196583bb933f4e6f8a4617e43da9d272~tplv-g9dfdl17fc-origin-image.image,2024/5/6,内容场占比低,,164,104,In Affiliate,https://shop.tiktok.com/view/product/1729474483699421347?region=US&locale=en,,,,
新老品,US,1731675229842477411,S250815021812,GGHH SWEATER,标码女装,女士针织衫,3.7,https://p16-she-va.ibyteimg.com/tos-alisg-i-f7lenjegsh-sg/de17eb68e1a44cf5a581f1fa557b6a06~tplv-g9dfdl17fc-origin-image.image,2025/8/26,内容场占比低,高GPM,165,105,In Affiliate,https://shop.tiktok.com/view/product/1731675229842477411?region=US&locale=en,,,,
新老品,US,1729809563896877803,S241023008626,Bettlity,标码女装,女士针织衫,4.7,https://p16-she-va.ibyteimg.com/tos-maliva-i-g9dfdl17fc-us/7396d0343a6c4c1998eb336c45e7806d~tplv-g9dfdl17fc-origin-image.image,2024/11/3,,,643,106,In Affiliate,https://shop.tiktok.com/view/product/1729809563896877803?region=US&locale=en,,,,
新老品,US,1732245717486506229,S260120059752,KAYWIDE KnitCo,标码女装,女士针织衫,3.4,https://p16-she-va.ibyteimg.com/tos-alisg-i-f7lenjegsh-sg/3f0c494363ff453d86a4e9dfdef8393b~tplv-g9dfdl17fc-origin-image.image,2026/1/25,内容场占比低,,90,107,In Affiliate,https://shop.tiktok.com/view/product/1732245717486506229?region=US&locale=en,,,,
新老品,US,1731371684926362374,S250627017569,Knit Mix,标码女装,女士针织衫,3.1,https://p16-she-va.ibyteimg.com/tos-maliva-i-g9dfdl17fc-us/d0a0bd3e373e4e27bf02d2f2db9b5432~tplv-g9dfdl17fc-origin-image.image,2025/6/28,,,288,108,In Affiliate,https://shop.tiktok.com/view/product/1731371684926362374?region=US&locale=en,,,,
新老品,US,1732333426711565224,S260410015126,Chic Weaves,标码女装,女士针织衫,4.4,https://p16-she-va.ibyteimg.com/tos-alisg-i-f7lenjegsh-sg/1b88178bb5314df59c725e651d25c2c6~tplv-g9dfdl17fc-origin-image.image,2026/4/15,内容场占比低,,7,109,In Affiliate,https://shop.tiktok.com/view/product/1732333426711565224?region=US&locale=en,,,,
新老品,US,1731568404835308209,S250802008811,Trendy Corset,标码女装,女士针织衫,3.8,https://p16-she-va.ibyteimg.com/tos-alisg-i-f7lenjegsh-sg/aafa47988907419f871d617127182775~tplv-g9dfdl17fc-origin-image.image,2025/8/5,,,71,110,In Affiliate,https://shop.tiktok.com/view/product/1731568404835308209?region=US&locale=en,,,,
新老品,US,1729488591606552060,S260202059320,Hi anan,标码女装,女士针织衫,4.3,https://p16-she-va.ibyteimg.com/tos-alisg-i-f7lenjegsh-sg/a26f2a8953634363bc73115f9a8c92f5~tplv-g9dfdl17fc-origin-image.image,2026/2/5,,高GPM,62,111,In Affiliate,https://shop.tiktok.com/view/product/1729488591606552060?region=US&locale=en,,,,
新老品,US,1730808528144667398,S250227009258,Knit Mix,标码女装,女士针织衫,3.1,https://p16-she-va.ibyteimg.com/tos-alisg-i-f7lenjegsh-sg/ea67dfbe90aa4da28625bd8a81b3904e~tplv-g9dfdl17fc-origin-image.image,2025/3/5,,,106,112,In Affiliate,https://shop.tiktok.com/view/product/1730808528144667398?region=US&locale=en,,,,
新老品,US,1729443593414414578,S240218002300,Morrie Moon,标码女装,女士针织衫,4.6,https://p16-she-va.ibyteimg.com/tos-maliva-i-g9dfdl17fc-us/68023548c950455380233d3cd99ba023~tplv-g9dfdl17fc-origin-image.image,2024/2/26,,,542,113,In Affiliate,https://shop.tiktok.com/view/product/1729443593414414578?region=US&locale=en,,,,
新老品,US,1732292829832254292,S260316063733,Chic Premium Fushi,标码女装,女士针织衫,2.4,https://p16-she-va.ibyteimg.com/tos-alisg-i-f7lenjegsh-sg/7c79ee2655e14e33910336545049efcb~tplv-g9dfdl17fc-origin-image.image,2026/3/16,内容场占比低,高GPM,67,114,NotIn Affiliate,https://shop.tiktok.com/view/product/1732292829832254292?region=US&locale=en,,,,
近45天新品,GB,1729831914188544179,S260518031011,ZOVINRIA,标码女装,女士针织衫,4.6,https://p16-she-va.ibyteimg.com/tos-alisg-i-f7lenjegsh-sg/2dfb6c8d05a441efb0e3b0d26062f4d2~tplv-g9dfdl17fc-origin-image.image,2026/5/24,内容场占比低,,108,1,In Affiliate,https://shop.tiktok.com/view/product/1729831914188544179?region=GB&locale=en,,,,
近45天新品,GB,1729829562958059699,S260515022184,ZOVINRIA,标码女装,女士针织衫,4.6,https://p16-she-va.ibyteimg.com/tos-alisg-i-f7lenjegsh-sg/2f77f45d91f5405593dc58f9c36e69db~tplv-g9dfdl17fc-origin-image.image,2026/5/24,,高GPM,35,2,In Affiliate,https://shop.tiktok.com/view/product/1729829562958059699?region=GB&locale=en,,,,
近45天新品,GB,1729833382365862067,S260520031675,ZOVINRIA,标码女装,女士针织衫,4.6,https://p16-she-va.ibyteimg.com/tos-alisg-i-f7lenjegsh-sg/cff65432323d4495b81f90afc1609635~tplv-g9dfdl17fc-origin-image.image,2026/5/29,内容场占比低,高GPM,19,3,In Affiliate,https://shop.tiktok.com/view/product/1729833382365862067?region=GB&locale=en,,,,
近45天新品,GB,1729830892586178739,S260507009559,ZOVINRIA,标码女装,女士针织衫,4.6,https://p16-she-va.ibyteimg.com/tos-alisg-i-f7lenjegsh-sg/b8e671e3b0874e06987981b4c7f09fe0~tplv-g9dfdl17fc-origin-image.image,2026/5/21,内容场占比低,高GPM,7,4,In Affiliate,https://shop.tiktok.com/view/product/1729830892586178739?region=GB&locale=en,,,,
近45天新品,US,1732406295534080179,S260520031675,ZOVINRIA,标码女装,女士针织衫,3.4,https://p16-she-va.ibyteimg.com/tos-alisg-i-f7lenjegsh-sg/cff65432323d4495b81f90afc1609635~tplv-g9dfdl17fc-origin-image.image,2026/5/29,内容场占比低,,98,1,In Affiliate,https://shop.tiktok.com/view/product/1732406295534080179?region=US&locale=en,,,,
近45天新品,US,1732403537850175667,S260518031011,ZOVINRIA,标码女装,女士针织衫,3.4,https://p16-she-va.ibyteimg.com/tos-alisg-i-f7lenjegsh-sg/2dfb6c8d05a441efb0e3b0d26062f4d2~tplv-g9dfdl17fc-origin-image.image,2026/5/24,,,20,2,In Affiliate,https://shop.tiktok.com/view/product/1732403537850175667?region=US&locale=en,,,,
近45天新品,US,1732415360593858972,S260527013964,Forcomes,标码女装,女士针织衫,2.1,https://p16-she-va.ibyteimg.com/tos-alisg-i-f7lenjegsh-sg/b30aeb619b34443c96f3dbcd830d0035~tplv-g9dfdl17fc-origin-image.image,2026/6/3,,,40,3,NotIn Affiliate,https://shop.tiktok.com/view/product/1732415360593858972?region=US&locale=en,,,,
近45天新品,US,1732394983332089894,S260512027514,Simp Cozy,标码女装,女士针织衫,2,https://p16-she-va.ibyteimg.com/tos-alisg-i-f7lenjegsh-sg/c546485eaf0246f7a30407041c0342db~tplv-g9dfdl17fc-origin-image.image,2026/5/20,内容场占比低,高GPM,72,4,NotIn Affiliate,https://shop.tiktok.com/view/product/1732394983332089894?region=US&locale=en,,,,
近45天新品,US,1732402439320801459,S260507009559,ZOVINRIA,标码女装,女士针织衫,3.4,https://p16-she-va.ibyteimg.com/tos-alisg-i-f7lenjegsh-sg/b8e671e3b0874e06987981b4c7f09fe0~tplv-g9dfdl17fc-origin-image.image,2026/5/22,内容场占比低,,5,5,In Affiliate,https://shop.tiktok.com/view/product/1732402439320801459?region=US&locale=en,,,,
近45天新品,US,1732399608299819187,S260515022184,ZOVINRIA,标码女装,女士针织衫,3.4,https://p16-she-va.ibyteimg.com/tos-alisg-i-f7lenjegsh-sg/2f77f45d91f5405593dc58f9c36e69db~tplv-g9dfdl17fc-origin-image.image,2026/5/24,内容场占比低,,87,6,In Affiliate,https://shop.tiktok.com/view/product/1732399608299819187?region=US&locale=en,,,,
近45天新品,US,1732403611058868403,S260518030852,ZOVINRIA,标码女装,女士针织衫,3.4,https://p16-she-va.ibyteimg.com/tos-alisg-i-f7lenjegsh-sg/7402a3f5b1614faa844fec41f9340ecf~tplv-g9dfdl17fc-origin-image.image,2026/5/24,,,105,7,In Affiliate,https://shop.tiktok.com/view/product/1732403611058868403?region=US&locale=en,,,,
近45天新品,US,1732436212305204136,S260610003638,Chic Weaves,标码女装,女士针织衫,4.4,https://p16-she-va.ibyteimg.com/tos-alisg-i-f7lenjegsh-sg/727fa4dbbf0f4e65af1e85a45bc78fb1~tplv-g9dfdl17fc-origin-image.image,2026/6/12,内容场占比低,,27,8,In Affiliate,https://shop.tiktok.com/view/product/1732436212305204136?region=US&locale=en,,,,
近45天新品,US,1732414098283139251,S260526033571,ZOVINRIA,标码女装,女士针织衫,3.4,https://p16-she-va.ibyteimg.com/tos-alisg-i-f7lenjegsh-sg/e2b81c7acbb1440e83905cb37ff7eb81~tplv-g9dfdl17fc-origin-image.image,2026/6/4,内容场占比低,高GPM,35,9,In Affiliate,https://shop.tiktok.com/view/product/1732414098283139251?region=US&locale=en,,,,
近45天新品,US,1732407525403956136,S260521019577,Chic Weaves,标码女装,女士针织衫,4.4,https://p16-she-va.ibyteimg.com/tos-alisg-i-f7lenjegsh-sg/d65acbdd47154bcfa777600853780e7c~tplv-g9dfdl17fc-origin-image.image,2026/5/25,内容场占比低,高GPM,41,10,In Affiliate,https://shop.tiktok.com/view/product/1732407525403956136?region=US&locale=en,,,,
近45天新品,US,1732415749067608311,S260527034580,Music eyes,标码女装,女士针织衫,3.9,https://p16-she-va.ibyteimg.com/tos-alisg-i-f7lenjegsh-sg/f51ce22be2a34cb3bcf3df797469a51d~tplv-g9dfdl17fc-origin-image.image,2026/5/27,内容场占比低,高GPM,3693,11,In Affiliate,https://shop.tiktok.com/view/product/1732415749067608311?region=US&locale=en,,,,
近45天新品,US,1732403548974780595,S260518030885,ZOVINRIA,标码女装,女士针织衫,3.4,https://p16-she-va.ibyteimg.com/tos-alisg-i-f7lenjegsh-sg/224ba9a5bcb84700b7db61d9fe2ad634~tplv-g9dfdl17fc-origin-image.image,2026/5/25,内容场占比低,,58,12,In Affiliate,https://shop.tiktok.com/view/product/1732403548974780595?region=US&locale=en,,,,
近45天新品,US,1732408493534253850,S260522005741,FASHION DOLA,标码女装,女士针织衫,4.7,https://p16-she-va.ibyteimg.com/tos-alisg-i-f7lenjegsh-sg/d24a01d5309f481fa417008c23e8783e~tplv-g9dfdl17fc-origin-image.image,2026/5/25,内容场占比低,高GPM,0,13,In Affiliate,https://shop.tiktok.com/view/product/1732408493534253850?region=US&locale=en,,,,
近45天新品,US,1732428058216862703,S260605013061,MO COO,标码女装,女士针织衫,4,https://p16-she-va.ibyteimg.com/tos-alisg-i-f7lenjegsh-sg/637aa2baa1fa4082babdd5f1519b22f5~tplv-g9dfdl17fc-origin-image.image,2026/6/9,内容场占比低,高GPM,5,14,NotIn Affiliate,https://shop.tiktok.com/view/product/1732428058216862703?region=US&locale=en,,,,
近45天新品,US,1732415813672145406,S260421033384,Wangsiting clothes,标码女装,女士针织衫,3.8,https://p16-she-va.ibyteimg.com/tos-alisg-i-f7lenjegsh-sg/1f493a80edb44f449bb14a9db9331bde~tplv-g9dfdl17fc-origin-image.image,2026/5/27,内容场占比低,高GPM,226,15,In Affiliate,https://shop.tiktok.com/view/product/1732415813672145406?region=US&locale=en,,,,
近45天新品,US,1732407721463092052,S260521030313,Chic Premium Fushi,标码女装,女士针织衫,2.4,https://p16-she-va.ibyteimg.com/tos-alisg-i-f7lenjegsh-sg/be4db4a1f0a8402cbb4fbc19607212f4~tplv-g9dfdl17fc-origin-image.image,2026/5/21,内容场占比低,高GPM,269,16,NotIn Affiliate,https://shop.tiktok.com/view/product/1732407721463092052?region=US&locale=en,,,,
近45天新品,US,1732411968898372010,S260525003953,Mora Closet,标码女装,女士针织衫,2.9,https://p16-she-va.ibyteimg.com/tos-alisg-i-f7lenjegsh-sg/659cd9b41abc43cd8c25fba60d5b7b37~tplv-g9dfdl17fc-origin-image.image,2026/5/29,内容场占比低,,17,17,In Affiliate,https://shop.tiktok.com/view/product/1732411968898372010?region=US&locale=en,,,,
近7天新品,EU,1729859642451531955,S260624024637,ZOVINRIA,标码女装,女士针织衫,4.5,https://p16-she-va.ibyteimg.com/tos-alisg-i-f7lenjegsh-sg/90e589161d8c467c8eb9d5d4a87e970c~tplv-g9dfdl17fc-origin-image.image,2026/6/28,内容场占比低,,0,1,,https://shop.tiktok.com/view/product/1729859642451531955?region=DE&locale=en,,,,
近7天新品,US,1732454081101534150,S260622036486,Kalika Boutique,标码女装,女士针织衫,4.8,https://p16-she-va.ibyteimg.com/tos-alisg-i-f7lenjegsh-sg/accc0ee5fc414ac1a42c0827b3493441~tplv-g9dfdl17fc-origin-image.image,2026/6/25,内容场占比低,,16,1,,https://shop.tiktok.com/view/product/1732454081101534150?region=US&locale=en,,,,
近7天新品,US,1732455874690651078,S260623038039,Kalika Boutique,标码女装,女士针织衫,4.8,https://p16-she-va.ibyteimg.com/tos-alisg-i-f7lenjegsh-sg/1d6c7f051da34638b86e80209f1bb280~tplv-g9dfdl17fc-origin-image.image,2026/6/26,内容场占比低,,0,2,,https://shop.tiktok.com/view/product/1732455874690651078?region=US&locale=en,,,,
近7天新品,US,1732454045511356476,S260622035329,Chic Chic Sweater,标码女装,女士针织衫,4.3,https://p16-she-va.ibyteimg.com/tos-alisg-i-f7lenjegsh-sg/e09b0728db9a4239ac1d43d3b14af44d~tplv-g9dfdl17fc-origin-image.image,2026/6/25,内容场占比低,,7,3,,https://shop.tiktok.com/view/product/1732454045511356476?region=US&locale=en,,,,
近7天新品,US,1732457133896340044,S260624017712,Modish Sweaters,标码女装,女士针织衫,Null,https://p16-she-va.ibyteimg.com/tos-alisg-i-f7lenjegsh-sg/a2e699ae24034fa6939786c158dea0d5~tplv-g9dfdl17fc-origin-image.image,2026/6/27,内容场占比低,高GPM,0,4,,https://shop.tiktok.com/view/product/1732457133896340044?region=US&locale=en,,,,
近7天新品,US,1732458147301593412,S260623001279,Trendy GY,标码女装,女士针织衫,3.5,https://p16-she-va.ibyteimg.com/tos-alisg-i-f7lenjegsh-sg/4abcd9aad8f441f0ac621b0e1353e7bd~tplv-g9dfdl17fc-origin-image.image,2026/6/25,内容场占比低,高GPM,169,5,,https://shop.tiktok.com/view/product/1732458147301593412?region=US&locale=en,,,,
近7天新品,US,1732458486611940177,S260623008283,Chic Price Cloaks,标码女装,女士针织衫,3.9,https://p16-she-va.ibyteimg.com/tos-alisg-i-f7lenjegsh-sg/5840c0b366b243079eaa7519f03483f2~tplv-g9dfdl17fc-origin-image.image,2026/6/25,内容场占比低,高GPM,174,6,,https://shop.tiktok.com/view/product/1732458486611940177?region=US&locale=en,,,,
近7天新品,US,1732450508159881860,S260619012182,Knit Chic MZ,标码女装,女士针织衫,Null,https://p16-she-va.ibyteimg.com/tos-alisg-i-f7lenjegsh-sg/acf1745619e448c1b436021ca1f4cd9e~tplv-g9dfdl17fc-origin-image.image,2026/6/25,内容场占比低,高GPM,4,7,,https://shop.tiktok.com/view/product/1732450508159881860?region=US&locale=en,,,,